Name,Price,Rating
realme narzo 50i Prime (Dark Blue 4GB RAM+64GB Storage) Octa-core Processor | 5000 mAh Battery,"₹7,599",4.0 out of 5 stars
"Samsung Galaxy S23 5G (Green, 8GB, 128GB Storage)","₹74,998",4.5 out of 5 stars
"realme narzo 50 (Speed Black, 6GB RAM+128GB Storage) Helio G96 Processor | 50MP AI Triple Camera | 120Hz Ultra Smooth Display","₹12,499",4.2 out of 5 stars
"Itel S23 (8GB RAM + 128GB ROM, Up to 16GB RAM with Memory Fusion | 50MP AI Dual Rear Camera | 5000mAh Battery with Type-C Charging | 90 Hz Display) - Mystery White","₹8,499",3.7 out of 5 stars
"Nokia C12 Android 12 (Go Edition) Smartphone, All-Day Battery, 4GB RAM (2GB RAM + 2GB Virtual RAM) + 64GB Capacity | Light Mint","₹6,299",3.1 out of 5 stars
"Samsung Galaxy M13 (Aqua Green, 6GB, 128GB Storage) | 6000mAh Battery | Upto 12GB RAM with RAM Plus","₹11,649",4.1 out of 5 stars
"Redmi 12C (Matte Black, 4GB RAM, 64GB Storage) | High Performance Mediatek Helio G85 | Big 17cm(6.71) HD+ Display with 5000mAh(typ) Battery","₹7,699",3.9 out of 5 stars
"Redmi Note 11T 5G (Matte Black, 6GB RAM, 128GB ROM)| Dimensity 810 5G | 33W Pro Fast Charging | Charger Included | Additional Exchange Offers","₹17,999",4.1 out of 5 stars
Nokia C22 | 3-Day Battery Life | 6GB RAM (4GB RAM + 2GB Virtual RAM) | 13 MP Dual Rear AI Camera with Night & Portrait Mode | IP52 | Charcoal,"₹7,749",4.0 out of 5 stars
Nokia 2660 Flip 4G Volte keypad,"₹4,449",3.8 out of 5 stars
"realme narzo N53 (Feather Gold, 6GB+128GB) 33W Segment Fastest Charging | Slimmest","₹10,999",3.9 out of 5 stars
"OnePlus Nord CE 3 5G (Grey Shimmer, 12GB RAM, 256GB Storage)","₹28,999",N/A
"Samsung Galaxy M04 Light Green, 4GB RAM, 64GB Storage | Upto 8GB RAM with RAM Plus | MediaTek Helio P35 Octa-core Processor | 5000 mAh Battery | 13MP Dual Camera","₹7,099",3.9 out of 5 stars
"realme narzo N55 (Prime Black, 4GB+64GB) 33W Segment Fastest Charging | Super High-res 64MP Primary AI Camera","₹10,999",4.0 out of 5 stars
"Redmi A2 (Sea Green, 2GB RAM, 32GB Storage) | Powerful Octa Core G36 Processor | Upto 7GB RAM | Large 16.5 cm HD+ Display with Massive 5000mAh Battery | 2 Years Warranty [Limited time Offer]","₹6,299",3.7 out of 5 stars
"Redmi A2 (Aqua Blue, 2GB RAM, 32GB Storage) | Powerful Octa Core G36 Processor | Upto 7GB RAM | Large 16.5 cm HD+ Display with Massive 5000mAh Battery | 2 Years Warranty [Limited time Offer]","₹6,299",3.7 out of 5 stars
"Samsung Galaxy M13 (Midnight Blue, 6GB, 128GB Storage) | 6000mAh Battery | Upto 12GB RAM with RAM Plus","₹11,649",4.1 out of 5 stars
realme narzo 50i Prime (Dark Blue 4GB RAM+64GB Storage) Octa-core Processor | 5000 mAh Battery,"₹7,599",4.0 out of 5 stars
realme narzo 50i Prime (Dark Blue 4GB RAM+64GB Storage) Octa-core Processor | 5000 mAh Battery,"₹7,599",4.0 out of 5 stars
"realme narzo 50 (Speed Black, 6GB RAM+128GB Storage) Helio G96 Processor | 50MP AI Triple Camera | 120Hz Ultra Smooth Display","₹12,499",4.2 out of 5 stars
"Samsung Galaxy M13 (Aqua Green, 6GB, 128GB Storage) | 6000mAh Battery | Upto 12GB RAM with RAM Plus","₹11,649",4.1 out of 5 stars
"Samsung Galaxy S23 5G (Green, 8GB, 128GB Storage)","₹74,998",4.5 out of 5 stars
Elzzi Microfiber Logo Cut Cover Compatible for iPhone 13 Case Cushion Liquid Soft Silicone Gel Rubber,₹329,4.0 out of 5 stars
PTron Basic Case for Realme Narzo N55 (Silicone_Black),₹149,4.2 out of 5 stars
elago Liquid Silicone Case Compatible for iPhone 12 Case and Compatible for iPhone 12 Pro Case - Full Body Protection (Screen & Camera Protection) -Mint,₹934,4.2 out of 5 stars
Nik case Back Cover for iPhone 11 (Silicone | Black),₹379,4.1 out of 5 stars
